Student_ID,Gender,Study_Hours,Attendance,Math_Score,Science_Score,Sleep_Hours,Internet_Usage_Hours,Final_Result
1,M,3.4,57,58,50.0,4.9,6,Pass
2,F,,98,88,93.0,,2,Pass
3,M,4.1,64,76,65.0,6.1,5,Pass
4,M,2.3,66,46,91.0,6.8,7,Pass
5,M,,72,51,71.0,6.8,2,Pass
6,F,3.6,73,97,71.0,8.0,6,Pass
7,M,1.4,94,98,90.0,8.6,6,Pass
8,M,5.2,68,66,42.0,5.9,5,Pass
9,M,4.4,54,78,40.0,9.0,5,Pass
10,F,2.4,81,42,83.0,6.2,3,Pass
11,M,0.9,93,63,45.0,,2,Pass
12,M,4.6,50,82,37.0,7.5,7,Pass
13,M,2.9,72,80,88.0,9.4,1,Pass
14,M,4.5,86,32,86.0,6.5,6,Pass
15,F,1.1,57,71,69.0,,6,Pass
16,M,2.3,62,61,88.0,8.5,3,Pass
17,F,,57,80,31.0,6.2,2,Pass
18,F,3.1,72,75,,6.6,2,Fail
19,F,2.5,92,50,73.0,5.9,9,Pass
20,M,3.7,50,73,40.0,6.6,5,Pass
21,F,,94,40,31.0,6.2,7,Fail
22,M,2.8,73,97,79.0,7.7,5,Pass
23,F,3.1,84,30,41.0,,7,Fail
24,F,3.6,73,92,,6.3,4,Fail
25,F,3.9,66,53,47.0,8.0,8,Pass
26,F,1.7,54,42,,7.3,7,Fail
27,F,1.2,69,40,91.0,5.2,5,Pass
28,F,4.5,70,80,67.0,7.9,6,Pass
29,F,3.4,89,46,96.0,7.2,5,Pass
30,F,2.1,80,53,67.0,8.4,7,Pass
31,M,4.9,95,48,96.0,7.1,2,Pass
32,M,3.1,85,66,90.0,6.2,5,Pass
33,F,4.4,60,37,30.0,,3,Fail
34,F,3.1,64,57,,7.8,9,Fail
35,F,5.5,68,34,,6.2,6,Fail
36,M,5.1,56,46,50.0,6.6,3,Fail
37,F,2.7,77,65,42.0,6.8,7,Pass
38,M,4.2,92,48,56.0,5.9,4,Pass
39,M,3.8,54,93,36.0,6.2,3,Pass
40,M,4.6,54,40,51.0,7.2,8,Fail
41,M,1.8,79,83,82.0,8.2,4,Pass
42,M,3.8,81,74,33.0,7.3,1,Pass
43,F,4.3,57,76,52.0,,6,Pass
44,F,0.9,59,41,99.0,6.2,1,Pass
45,F,1.6,87,50,,8.1,5,Fail
46,F,0.6,96,40,57.0,,7,Fail
47,F,2.7,81,34,37.0,6.3,6,Fail
48,M,3.9,97,85,30.0,7.9,2,Pass
49,F,4.8,77,49,66.0,7.6,4,Pass
50,F,,66,70,92.0,6.2,2,Pass
51,M,5.0,80,75,51.0,6.9,1,Pass
52,F,1.3,57,41,99.0,6.5,3,Pass
53,M,1.0,89,99,50.0,9.6,3,Pass
54,F,2.9,74,46,64.0,7.5,7,Pass
55,M,3.5,58,48,34.0,7.2,1,Fail
56,F,3.0,51,55,89.0,7.5,9,Pass
57,F,0.5,64,77,75.0,8.4,6,Pass
58,M,2.9,99,81,79.0,6.9,4,Pass
59,M,1.4,52,99,77.0,6.4,3,Pass
60,M,3.8,98,84,35.0,7.8,3,Pass
61,M,3.4,85,62,85.0,6.8,2,Pass
62,M,1.9,53,91,88.0,5.9,2,Pass
63,M,2.4,63,52,58.0,5.7,5,Pass
64,M,1.7,90,44,47.0,8.5,9,Fail
65,M,2.9,90,56,31.0,7.1,2,Fail
66,F,4.1,74,93,37.0,6.4,2,Pass
67,F,1.8,99,80,83.0,6.8,6,Pass
68,M,3.6,59,82,67.0,7.8,2,Pass
69,F,,70,80,77.0,6.7,4,Pass
70,F,,85,76,56.0,5.6,6,Pass
71,F,2.9,61,33,49.0,7.3,5,Fail
72,F,1.8,76,36,41.0,8.2,1,Fail
73,M,2.3,89,64,72.0,8.1,6,Pass
74,F,1.6,51,77,90.0,6.4,1,Pass
75,M,5.4,62,74,60.0,8.3,3,Pass
76,F,3.0,81,48,90.0,7.2,5,Pass
77,F,2.2,80,92,96.0,8.2,5,Pass
78,F,3.3,65,67,64.0,,6,Pass
79,M,2.9,81,96,,,8,Fail
80,F,2.7,81,88,45.0,8.7,5,Pass
81,M,3.7,83,98,42.0,7.1,1,Pass
82,F,3.9,60,42,64.0,7.6,5,Pass
83,M,2.4,59,76,88.0,5.7,3,Pass
84,F,2.3,64,90,50.0,,4,Pass
85,M,2.7,66,60,83.0,8.1,8,Pass
86,M,0.2,89,51,59.0,8.9,7,Pass
87,F,1.2,67,72,77.0,8.4,5,Pass
88,M,4.6,58,96,64.0,7.6,2,Pass
89,F,5.0,74,83,67.0,5.5,6,Pass
90,F,2.7,89,39,60.0,7.1,6,Fail
91,F,3.7,63,71,53.0,6.4,6,Pass
92,F,3.4,74,93,78.0,7.2,9,Pass
93,F,6.7,99,50,61.0,5.8,8,Pass
94,F,4.3,71,95,84.0,6.8,8,Pass
95,F,,79,70,87.0,6.5,1,Pass
96,F,1.9,69,53,32.0,6.5,5,Fail
97,F,,70,64,98.0,6.5,7,Pass
98,F,3.2,93,85,39.0,6.9,6,Pass
99,F,2.1,81,59,54.0,7.3,5,Pass
100,M,1.3,95,86,97.0,4.5,8,Pass
101,M,2.2,98,76,90.0,4.6,3,Pass
102,F,1.7,70,64,,6.7,6,Fail
103,F,,84,48,48.0,6.8,5,Fail
104,F,4.1,81,37,72.0,,8,Pass
105,F,3.0,79,55,95.0,6.3,4,Pass
106,F,4.8,88,59,90.0,7.0,8,Pass
107,F,3.1,98,36,72.0,7.1,2,Pass
108,F,2.0,61,96,,6.3,9,Fail
109,F,4.8,90,94,49.0,8.0,9,Pass
110,M,3.6,96,65,77.0,7.2,6,Pass
111,F,1.8,67,54,53.0,7.5,4,Pass
112,M,2.8,70,66,40.0,7.1,4,Pass
113,F,1.9,62,30,84.0,9.1,6,Pass
114,F,1.3,70,44,57.0,7.6,5,Pass
115,M,4.1,57,66,98.0,6.5,6,Pass
116,F,5.3,95,42,92.0,7.8,7,Pass
117,M,1.3,89,37,88.0,5.4,7,Pass
118,F,3.7,95,34,34.0,,9,Fail
119,F,2.2,56,89,,7.3,8,Fail
120,M,2.4,72,30,50.0,7.1,6,Fail
121,F,,93,65,41.0,6.7,6,Pass
122,M,2.0,81,64,79.0,6.0,5,Pass
123,F,3.1,60,95,33.0,6.2,1,Pass
124,M,,71,92,71.0,,9,Pass
125,M,3.3,71,52,67.0,5.9,9,Pass
126,F,2.9,92,38,54.0,8.8,9,Fail
127,F,2.7,74,63,43.0,4.4,8,Pass
128,M,1.9,71,75,61.0,6.7,3,Pass
129,F,2.3,77,33,40.0,7.1,1,Fail
130,F,3.9,78,59,,,8,Fail
131,F,3.6,62,32,47.0,6.1,7,Fail
132,M,1.8,67,43,56.0,8.1,5,Fail
133,M,3.1,51,89,,5.6,7,Fail
134,M,3.9,78,74,83.0,6.4,4,Pass
135,M,,70,63,50.0,7.6,9,Pass
136,M,3.7,64,74,73.0,8.0,2,Pass
137,M,2.2,76,90,34.0,5.6,9,Pass
138,M,3.7,99,45,70.0,9.6,9,Pass
139,M,2.1,80,95,88.0,6.1,5,Pass
140,M,,64,69,,5.7,1,Fail
141,F,1.0,72,46,51.0,7.5,7,Fail
142,M,3.1,73,63,94.0,6.7,4,Pass
143,F,3.3,93,45,93.0,,9,Pass
144,F,1.9,62,89,33.0,7.6,6,Pass
145,F,3.8,71,95,94.0,5.5,3,Pass
146,M,1.0,92,95,44.0,5.3,6,Pass
147,M,2.9,86,42,51.0,6.4,6,Fail
148,M,1.5,82,85,76.0,8.1,5,Pass
149,M,2.2,52,60,75.0,6.4,2,Pass
150,F,3.1,68,63,43.0,8.6,2,Pass
151,M,2.0,72,68,79.0,8.2,7,Pass
152,M,2.5,78,96,,7.3,2,Fail
153,M,4.2,79,37,,,6,Fail
154,M,2.3,88,84,62.0,7.3,5,Pass
155,M,4.0,93,56,88.0,7.2,4,Pass
156,F,1.6,96,82,72.0,6.6,7,Pass
157,M,3.6,74,68,41.0,6.7,8,Pass
158,F,4.7,86,94,69.0,5.9,4,Pass
159,M,0.0,96,46,49.0,4.8,1,Fail
160,F,,57,59,67.0,8.1,1,Pass
161,M,3.7,91,82,32.0,7.2,1,Pass
162,M,2.8,65,42,,7.0,1,Fail
163,F,3.4,57,50,85.0,7.4,5,Pass
164,F,2.3,50,48,42.0,6.2,4,Fail
165,F,3.1,93,82,95.0,6.0,9,Pass
166,M,2.8,54,48,66.0,6.7,3,Pass
167,F,4.4,52,86,78.0,8.4,7,Pass
168,M,3.3,50,54,95.0,5.8,8,Pass
169,M,3.4,53,60,65.0,4.4,6,Pass
170,F,2.5,89,84,83.0,6.5,1,Pass
171,F,2.4,84,52,55.0,8.1,8,Pass
172,M,2.5,81,61,,5.3,3,Fail
173,M,3.5,91,91,72.0,5.8,8,Pass
174,F,2.5,83,39,51.0,7.3,4,Fail
175,F,3.3,92,83,,9.6,8,Fail
176,F,5.5,74,81,37.0,5.6,1,Pass
177,M,4.0,59,49,58.0,,3,Pass
178,M,2.6,70,61,69.0,7.3,6,Pass
179,M,4.4,95,43,59.0,8.2,9,Pass
180,M,,88,79,84.0,6.4,2,Pass
181,M,0.6,76,57,45.0,5.4,1,Pass
182,M,1.8,76,82,75.0,7.4,3,Pass
183,F,0.8,51,53,91.0,7.6,4,Pass
184,M,2.6,90,51,36.0,8.8,5,Fail
185,M,3.0,97,59,,,3,Fail
186,M,5.0,62,92,88.0,7.8,2,Pass
187,F,3.4,58,33,85.0,6.7,2,Pass
188,M,2.7,85,88,77.0,,7,Pass
189,M,4.0,71,37,56.0,6.6,9,Fail
190,F,0.3,91,41,82.0,6.4,2,Pass
191,M,3.3,75,60,64.0,8.8,7,Pass
192,M,3.9,61,63,80.0,5.5,7,Pass
193,M,1.2,66,78,66.0,5.2,7,Pass
194,M,4.4,63,86,86.0,7.1,3,Pass
195,M,3.4,63,55,37.0,7.0,7,Fail
196,F,2.5,83,47,49.0,6.8,1,Fail
197,F,3.8,69,67,82.0,8.0,1,Pass
198,F,5.7,60,79,41.0,6.1,5,Pass
199,M,3.2,65,37,78.0,,2,Pass
200,M,3.3,80,70,46.0,6.6,9,Pass
201,M,2.4,55,35,93.0,,7,Pass
202,F,2.0,68,98,,6.9,4,Fail
203,M,4.0,86,73,58.0,7.9,4,Pass
204,M,2.0,53,93,48.0,9.1,2,Pass
205,F,3.1,96,58,40.0,7.6,5,Fail
206,M,,53,57,79.0,,4,Pass
207,F,,69,40,87.0,7.0,1,Pass
208,F,3.4,59,94,63.0,7.0,8,Pass
209,F,4.2,73,48,49.0,,3,Fail
210,M,2.4,84,38,79.0,7.2,6,Pass
211,M,2.7,75,56,39.0,8.3,4,Fail
212,M,1.8,86,63,,7.4,9,Fail
213,M,2.5,87,73,81.0,8.6,7,Pass
214,M,3.5,70,97,44.0,,9,Pass
215,M,3.9,89,44,32.0,,3,Fail
216,M,1.9,88,80,66.0,7.8,1,Pass
217,F,4.0,70,42,69.0,6.4,5,Pass
218,M,,59,78,69.0,6.2,3,Pass
219,F,3.5,87,99,85.0,6.4,6,Pass
220,M,5.3,95,85,52.0,,8,Pass
221,M,2.1,53,80,40.0,7.5,4,Pass
222,M,1.5,94,66,93.0,5.2,5,Pass
223,F,0.9,69,46,37.0,,5,Fail
224,F,4.8,66,87,85.0,8.9,4,Pass
225,F,3.8,56,58,89.0,6.3,4,Pass
226,F,2.9,53,62,39.0,7.2,4,Pass
227,M,,78,89,68.0,5.5,4,Pass
228,F,1.6,63,84,57.0,7.1,4,Pass
229,M,5.9,52,39,78.0,6.3,5,Pass
230,M,3.2,73,76,65.0,,2,Pass
231,F,3.1,86,52,42.0,8.3,2,Fail
232,F,,65,50,65.0,8.2,9,Pass
233,F,3.6,53,42,55.0,6.9,2,Fail
234,F,3.3,73,62,33.0,8.0,6,Fail
235,F,2.1,83,53,93.0,8.9,2,Pass
236,F,3.6,79,40,,7.8,5,Fail
237,F,,67,46,51.0,7.5,4,Fail
238,F,4.6,68,97,31.0,7.2,7,Pass
239,M,4.9,80,76,60.0,7.6,7,Pass
240,F,2.4,68,54,40.0,6.6,6,Fail
241,F,1.8,98,50,75.0,6.7,5,Pass
242,M,2.8,95,41,91.0,7.5,1,Pass
243,F,3.1,68,66,98.0,6.5,3,Pass
244,M,,71,71,93.0,6.6,9,Pass
245,M,1.0,73,46,,7.0,1,Fail
246,F,4.8,94,77,69.0,,5,Pass
247,M,2.8,61,57,53.0,,2,Pass
248,M,2.5,79,70,73.0,7.8,4,Pass
249,M,1.8,87,76,,7.8,1,Fail
250,M,1.0,80,47,,7.8,3,Fail
251,F,4.0,85,42,,6.2,7,Fail
252,M,3.1,68,42,,5.3,3,Fail
253,F,1.5,97,60,86.0,7.6,4,Pass
254,M,1.4,94,31,84.0,7.2,2,Pass
255,M,2.6,85,45,82.0,8.0,3,Pass
256,M,5.0,79,38,85.0,6.3,9,Pass
257,M,2.7,98,67,38.0,7.8,3,Pass
258,F,,82,83,51.0,8.1,5,Pass
259,F,,67,85,42.0,6.9,2,Pass
260,M,2.7,98,74,77.0,,4,Pass
261,M,,77,63,47.0,,7,Pass
262,F,2.9,96,38,,6.2,7,Fail
263,M,2.7,60,37,46.0,7.5,3,Fail
264,M,,94,36,44.0,8.6,5,Fail
265,M,5.2,82,65,44.0,7.0,1,Pass
266,F,4.4,66,47,92.0,5.5,1,Pass
267,F,2.7,55,32,68.0,6.3,5,Pass
268,F,1.7,53,57,42.0,5.2,9,Fail
269,M,6.1,69,99,61.0,8.3,1,Pass
270,M,3.1,97,73,38.0,7.8,1,Pass
271,F,3.0,96,50,69.0,6.5,4,Pass
272,F,3.0,76,57,49.0,5.6,4,Pass
273,F,3.2,64,83,92.0,6.2,2,Pass
274,F,2.8,55,83,73.0,6.4,9,Pass
275,M,2.3,96,94,67.0,,9,Pass
276,F,2.3,63,50,89.0,7.1,2,Pass
277,M,3.0,60,42,77.0,8.3,9,Pass
278,F,2.3,88,86,47.0,6.3,6,Pass
279,M,2.1,58,78,45.0,5.5,8,Pass
280,F,,75,83,84.0,5.8,4,Pass
281,F,2.7,65,39,68.0,7.0,2,Pass
282,F,4.8,54,82,97.0,6.3,2,Pass
283,F,-0.2,59,73,88.0,6.7,9,Pass
284,M,4.3,99,76,,6.5,1,Fail
285,F,4.5,52,82,42.0,,7,Pass
286,M,0.5,62,75,35.0,,3,Pass
287,M,2.6,92,42,89.0,6.6,3,Pass
288,M,,98,66,43.0,7.7,2,Pass
289,M,1.3,79,53,83.0,6.4,6,Pass
290,F,2.1,94,31,33.0,7.4,2,Fail
291,M,1.7,55,43,68.0,7.3,4,Pass
292,M,5.1,66,39,54.0,7.1,9,Fail
293,M,4.1,94,64,61.0,5.9,9,Pass
294,F,,68,54,88.0,8.2,6,Pass
295,F,3.9,91,32,92.0,9.2,4,Pass
296,F,1.6,84,46,67.0,7.0,7,Pass
297,F,2.4,95,41,82.0,6.0,1,Pass
298,M,3.6,75,83,96.0,7.0,4,Pass
299,M,1.5,54,53,57.0,8.0,5,Pass
300,F,,78,58,32.0,6.4,8,Fail
301,M,,86,72,51.0,,2,Pass
302,M,2.6,69,54,67.0,,5,Pass
303,M,3.9,98,89,91.0,8.2,6,Pass
304,F,3.5,70,94,86.0,7.8,5,Pass
305,F,2.6,59,57,35.0,,9,Fail
306,M,4.4,54,45,61.0,6.6,1,Pass
307,F,1.7,85,76,39.0,7.4,3,Pass
308,F,3.7,55,87,32.0,6.3,2,Pass
309,F,3.7,75,56,88.0,7.8,3,Pass
310,F,2.6,53,82,78.0,,9,Pass
311,F,3.4,88,71,88.0,7.6,9,Pass
312,M,1.5,88,88,60.0,6.6,2,Pass
313,F,4.1,99,76,98.0,6.8,3,Pass
314,M,2.8,84,63,,8.8,4,Fail
315,M,2.4,50,66,81.0,6.6,9,Pass
316,F,4.3,73,35,70.0,8.0,3,Pass
317,M,2.2,85,36,60.0,7.3,7,Fail
318,M,1.3,55,54,,6.7,3,Fail
319,M,1.1,90,62,,5.7,7,Fail
320,F,3.7,95,84,42.0,7.2,7,Pass
321,F,1.5,93,87,74.0,7.1,9,Pass
322,M,5.1,80,36,71.0,8.8,2,Pass
323,F,0.5,69,86,78.0,,6,Pass
324,F,5.0,73,41,49.0,9.3,9,Fail
325,F,3.3,74,45,83.0,,2,Pass
326,F,2.9,85,72,65.0,7.4,2,Pass
327,M,2.3,70,36,30.0,6.4,5,Fail
328,M,3.5,79,80,44.0,7.3,8,Pass
329,F,3.0,73,61,46.0,7.5,9,Pass
330,F,4.3,93,37,53.0,7.9,2,Fail
331,M,3.1,91,74,87.0,6.0,5,Pass
332,M,3.2,79,88,52.0,8.4,7,Pass
333,F,2.6,71,33,75.0,7.4,6,Pass
334,M,2.9,77,96,37.0,,6,Pass
335,F,3.4,56,58,88.0,6.8,7,Pass
336,F,0.9,84,58,88.0,6.1,3,Pass
337,M,1.4,77,57,42.0,7.1,3,Fail
338,M,3.9,63,73,68.0,7.2,9,Pass
339,F,3.2,59,33,57.0,5.6,8,Fail
340,F,2.8,65,38,90.0,7.8,5,Pass
341,M,3.0,65,34,45.0,8.0,6,Fail
342,F,3.4,80,85,31.0,6.3,1,Pass
343,M,2.4,91,79,,6.0,1,Fail
344,F,2.1,74,44,59.0,6.7,4,Pass
345,M,,62,61,,7.0,2,Fail
346,M,,55,57,42.0,6.7,7,Fail
347,M,3.5,93,51,72.0,6.9,2,Pass
348,F,1.0,58,46,50.0,7.2,2,Fail
349,F,4.2,94,88,84.0,5.6,5,Pass
350,M,3.6,85,86,69.0,5.7,4,Pass
351,F,3.3,92,55,44.0,4.3,8,Fail
352,M,,69,54,81.0,7.9,4,Pass
353,M,5.0,67,39,82.0,7.0,6,Pass
354,F,4.2,92,74,81.0,8.0,5,Pass
355,F,,70,40,59.0,5.9,2,Fail
356,M,1.5,53,82,62.0,7.0,8,Pass
357,F,2.3,99,97,86.0,7.2,2,Pass
358,F,3.0,82,57,81.0,,9,Pass
359,M,3.6,76,94,38.0,5.4,9,Pass
360,M,2.1,56,78,83.0,8.7,3,Pass
361,F,3.2,55,76,30.0,8.4,4,Pass
362,M,2.1,64,81,73.0,6.6,8,Pass
363,M,2.3,67,83,38.0,7.5,9,Pass
364,F,,81,89,61.0,6.5,3,Pass
365,M,,60,86,44.0,6.0,5,Pass
366,M,1.4,69,76,41.0,8.8,8,Pass
367,F,,73,60,,5.3,3,Fail
368,F,4.3,64,75,,6.7,7,Fail
369,M,1.9,97,55,56.0,7.1,8,Pass
370,M,6.2,56,34,91.0,8.7,3,Pass
371,F,3.6,70,81,41.0,7.9,2,Pass
372,F,3.2,91,83,,5.3,7,Fail
373,F,,75,62,71.0,7.0,9,Pass
374,F,3.8,93,79,91.0,7.0,1,Pass
375,M,2.3,63,67,40.0,6.8,3,Pass
376,F,3.1,86,56,72.0,7.6,5,Pass
377,F,6.1,70,44,,5.6,3,Fail
378,M,2.9,67,90,61.0,6.6,1,Pass
379,F,4.4,54,50,69.0,7.5,7,Pass
380,M,2.2,52,75,52.0,7.7,7,Pass
381,F,3.0,72,98,85.0,7.1,8,Pass
382,F,5.1,75,35,35.0,6.7,5,Fail
383,F,,86,67,79.0,6.9,5,Pass
384,M,5.2,73,91,66.0,7.7,5,Pass
385,M,3.8,98,91,93.0,,1,Pass
386,F,2.3,68,75,83.0,,5,Pass
387,M,3.8,74,42,78.0,5.8,6,Pass
388,M,4.2,70,32,40.0,5.5,1,Fail
389,M,3.7,61,35,78.0,8.5,7,Pass
390,M,1.1,90,37,50.0,7.8,1,Fail
391,M,2.1,82,73,95.0,6.9,2,Pass
392,M,2.7,99,62,92.0,6.5,2,Pass
393,F,2.9,53,79,57.0,6.4,5,Pass
394,F,3.7,91,40,46.0,8.1,7,Fail
395,M,3.2,56,57,35.0,8.9,1,Fail
396,F,1.4,71,99,48.0,6.4,1,Pass
397,F,3.5,82,70,85.0,8.1,1,Pass
398,F,3.7,66,45,57.0,7.0,6,Pass
399,F,3.7,73,97,95.0,6.8,2,Pass
400,M,4.3,83,77,67.0,8.5,1,Pass
401,F,4.0,77,85,66.0,7.0,6,Pass
402,F,3.6,92,93,97.0,7.3,2,Pass
403,M,2.9,90,88,78.0,7.2,6,Pass
404,M,1.0,88,91,,5.4,8,Fail
405,F,3.5,71,40,65.0,7.3,2,Pass
406,F,3.2,98,47,87.0,6.4,9,Pass
407,F,3.3,66,48,42.0,5.6,8,Fail
408,F,1.5,83,84,81.0,6.5,1,Pass
409,F,1.7,55,55,87.0,6.5,7,Pass
410,F,4.3,95,35,61.0,8.0,6,Fail
411,M,3.0,55,33,,5.9,6,Fail
412,F,3.8,83,58,87.0,6.2,6,Pass
413,F,3.0,50,88,85.0,7.2,6,Pass
414,M,3.0,59,46,57.0,5.7,7,Pass
415,M,4.1,70,72,30.0,6.3,3,Pass
416,M,2.4,54,95,,5.3,6,Fail
417,M,,51,63,77.0,7.9,3,Pass
418,F,2.4,71,37,69.0,6.7,7,Pass
419,F,2.5,97,42,92.0,,7,Pass
420,F,2.6,51,37,33.0,7.9,8,Fail
421,F,,59,94,67.0,6.3,2,Pass
422,F,2.4,83,72,56.0,6.7,9,Pass
423,F,4.5,65,68,38.0,5.9,5,Pass
424,M,1.9,97,88,,5.9,9,Fail
425,F,2.8,88,73,85.0,,5,Pass
426,M,2.5,71,38,60.0,6.5,7,Fail
427,M,4.7,61,66,43.0,6.6,9,Pass
428,F,3.2,73,65,54.0,7.3,4,Pass
429,M,4.2,96,57,,6.1,2,Fail
430,F,1.2,89,71,96.0,,9,Pass
431,M,3.3,87,72,53.0,,2,Pass
432,F,4.1,59,71,,6.5,3,Fail
433,M,,84,95,49.0,6.2,2,Pass
434,F,4.3,98,84,93.0,7.1,3,Pass
435,F,,81,77,39.0,6.8,6,Pass
436,F,4.7,56,51,96.0,7.2,3,Pass
437,F,5.8,70,56,,,8,Fail
438,F,2.6,69,96,,7.1,6,Fail
439,M,2.5,75,42,,6.4,7,Fail
440,M,,53,74,87.0,6.1,1,Pass
441,M,4.9,95,39,56.0,6.1,3,Fail
442,F,2.4,71,38,44.0,5.5,3,Fail
443,M,2.5,64,83,64.0,7.9,2,Pass
444,F,,89,56,82.0,4.8,7,Pass
445,F,1.4,70,63,,7.5,9,Fail
446,M,1.9,64,30,55.0,6.1,4,Fail
447,M,1.8,71,61,76.0,6.5,5,Pass
448,F,2.1,77,96,63.0,,3,Pass
449,M,3.0,63,49,79.0,8.4,9,Pass
450,F,3.3,76,64,41.0,7.0,4,Pass
451,F,,90,46,33.0,,5,Fail
452,F,1.8,89,47,77.0,8.3,1,Pass
453,F,4.2,77,74,84.0,,2,Pass
454,F,2.7,75,82,30.0,5.8,9,Pass
455,M,2.9,98,97,95.0,6.8,2,Pass
456,M,,51,94,59.0,6.3,5,Pass
457,F,1.7,74,30,32.0,6.5,8,Fail
458,F,3.5,52,87,50.0,6.9,3,Pass
459,M,3.2,57,55,78.0,,6,Pass
460,M,3.6,93,49,91.0,7.4,4,Pass
461,F,3.3,82,39,67.0,7.6,7,Pass
462,M,5.9,91,88,44.0,6.9,3,Pass
463,F,2.2,84,70,81.0,7.4,6,Pass
464,M,2.4,55,34,75.0,6.5,9,Pass
465,F,2.3,88,94,54.0,8.3,1,Pass
466,M,2.3,72,46,50.0,6.4,3,Fail
467,F,2.2,74,51,34.0,8.2,2,Fail
468,M,4.4,99,70,99.0,5.5,8,Pass
469,M,4.7,92,97,76.0,6.6,7,Pass
470,F,2.3,68,98,97.0,6.7,2,Pass
471,M,2.0,54,40,47.0,7.3,6,Fail
472,F,3.6,60,85,50.0,7.9,3,Pass
473,M,2.3,61,80,52.0,5.8,8,Pass
474,F,3.8,59,50,93.0,5.9,3,Pass
475,M,3.2,57,55,96.0,5.6,9,Pass
476,F,1.2,73,48,69.0,8.3,1,Pass
477,M,4.9,77,89,39.0,7.3,5,Pass
478,F,5.2,90,76,81.0,5.9,3,Pass
479,M,,85,55,90.0,6.6,6,Pass
480,F,,86,69,93.0,8.2,2,Pass
481,F,3.3,70,34,34.0,6.7,9,Fail
482,F,3.4,57,50,82.0,6.7,6,Pass
483,M,3.8,58,33,84.0,6.2,7,Pass
484,F,,96,52,66.0,6.0,5,Pass
485,M,2.8,64,44,85.0,8.2,9,Pass
486,F,2.0,97,37,88.0,8.7,1,Pass
487,M,1.3,95,70,,6.0,5,Fail
488,F,2.1,89,48,88.0,8.4,6,Pass
489,M,3.0,67,75,31.0,6.5,7,Pass
490,M,5.2,91,57,94.0,7.5,4,Pass
491,F,2.4,69,97,,8.4,1,Fail
492,M,3.3,55,44,80.0,6.9,8,Pass
493,M,3.0,61,66,59.0,6.7,4,Pass
494,F,4.4,51,30,40.0,7.8,3,Fail
495,M,6.0,56,96,68.0,5.9,7,Pass
496,M,2.4,65,53,92.0,,2,Pass
497,M,2.4,52,56,93.0,7.1,8,Pass
498,F,4.3,94,69,90.0,6.4,6,Pass
499,M,3.8,52,92,83.0,6.4,7,Pass
500,F,5.2,76,90,87.0,5.6,5,Pass
501,M,3.7,99,65,85.0,6.5,9,Pass
502,M,2.6,92,53,63.0,6.7,5,Pass
503,M,3.7,89,53,60.0,5.9,5,Pass
504,F,4.3,87,33,81.0,7.0,3,Pass
505,M,4.0,82,96,30.0,7.5,1,Pass
506,M,3.6,77,63,84.0,6.8,2,Pass
507,F,4.3,50,86,,7.7,8,Fail
508,M,4.4,57,78,69.0,6.2,1,Pass
509,F,4.7,86,82,30.0,8.0,7,Pass
510,F,3.8,81,52,94.0,7.1,5,Pass
511,M,2.8,97,98,92.0,8.5,3,Pass
512,F,3.2,92,82,83.0,9.4,7,Pass
513,M,4.4,86,91,71.0,6.5,9,Pass
514,F,2.0,53,70,50.0,6.6,2,Pass
515,F,,79,86,51.0,6.8,8,Pass
516,M,2.5,55,89,67.0,7.6,9,Pass
517,F,,95,83,,8.3,3,Fail
518,F,4.5,68,99,91.0,6.3,2,Pass
519,F,3.2,81,86,76.0,,7,Pass
520,F,3.1,58,39,46.0,6.9,5,Fail
521,F,1.4,61,69,,7.6,5,Fail
522,M,3.9,60,36,42.0,8.5,5,Fail
523,F,3.8,95,67,46.0,6.8,4,Pass
524,M,5.6,65,90,67.0,5.3,5,Pass
525,F,2.6,50,32,74.0,7.7,4,Pass
526,M,3.3,94,80,35.0,6.2,6,Pass
527,M,3.3,70,76,64.0,6.9,4,Pass
528,F,,79,97,43.0,7.8,2,Pass
529,F,2.9,62,67,90.0,7.3,9,Pass
530,F,3.3,83,65,44.0,6.9,2,Pass
531,M,3.7,53,70,83.0,6.4,9,Pass
532,F,3.2,77,98,56.0,4.1,6,Pass
533,M,,87,42,42.0,7.7,9,Fail
534,M,3.2,80,87,,,9,Fail
535,M,4.3,76,79,64.0,8.5,3,Pass
536,F,1.8,54,59,89.0,7.4,1,Pass
537,F,3.2,74,91,,,1,Fail
538,M,2.2,52,54,98.0,8.1,3,Pass
539,M,4.4,82,56,87.0,8.2,5,Pass
540,F,1.2,53,80,78.0,,3,Pass
541,M,2.3,74,86,52.0,8.2,9,Pass
542,F,3.5,69,76,,6.4,9,Fail
543,M,4.9,83,68,55.0,7.2,3,Pass
544,F,2.9,75,45,76.0,7.6,3,Pass
545,M,2.3,54,51,,7.8,5,Fail
546,F,5.3,84,83,49.0,,2,Pass
547,M,1.3,77,50,35.0,6.7,6,Fail
548,F,0.4,78,45,99.0,8.1,7,Pass
549,F,3.5,58,88,88.0,,9,Pass
550,M,2.4,87,60,93.0,6.4,6,Pass
551,M,1.8,99,71,47.0,,3,Pass
552,F,3.9,55,61,33.0,,5,Fail
553,M,3.3,68,88,46.0,6.3,4,Pass
554,F,2.3,93,63,43.0,8.3,5,Pass
555,M,1.5,60,38,42.0,5.9,8,Fail
556,F,4.0,51,40,36.0,,8,Fail
557,F,3.8,96,39,,7.3,6,Fail
558,F,2.9,93,46,44.0,8.6,1,Fail
559,F,,93,97,48.0,6.3,8,Pass
560,F,1.7,58,77,92.0,6.1,8,Pass
561,F,1.2,70,81,64.0,6.9,2,Pass
562,M,2.2,73,54,64.0,8.7,4,Pass
563,M,2.9,83,50,48.0,6.1,2,Fail
564,M,3.3,71,94,49.0,4.4,4,Pass
565,F,2.7,52,92,64.0,7.1,7,Pass
566,F,3.4,61,80,61.0,7.9,9,Pass
567,F,1.5,77,65,77.0,6.0,8,Pass
568,F,4.7,79,95,73.0,7.8,9,Pass
569,M,2.9,75,44,53.0,6.0,8,Fail
570,M,4.3,97,68,90.0,6.9,2,Pass
571,F,3.4,70,99,46.0,7.8,7,Pass
572,M,,77,30,79.0,5.8,2,Pass
573,M,3.7,75,52,94.0,7.2,2,Pass
574,F,3.5,82,68,61.0,8.2,4,Pass
575,M,3.8,70,86,65.0,7.5,1,Pass
576,F,4.6,84,63,,6.3,5,Fail
577,M,3.2,83,70,99.0,8.5,6,Pass
578,F,3.9,90,42,87.0,7.7,9,Pass
579,F,2.9,96,99,43.0,,8,Pass
580,F,4.7,67,35,66.0,7.9,2,Pass
581,F,2.2,60,81,97.0,6.4,1,Pass
582,M,5.2,72,32,69.0,7.2,2,Pass
583,F,3.0,97,92,88.0,8.0,7,Pass
584,F,1.3,71,78,45.0,6.5,4,Pass
585,F,,66,76,91.0,5.4,5,Pass
586,M,2.2,54,84,33.0,8.5,7,Pass
587,F,4.0,93,93,74.0,8.2,3,Pass
588,M,2.2,60,94,57.0,6.9,2,Pass
589,F,2.5,79,96,95.0,7.9,7,Pass
590,M,0.7,64,44,60.0,6.6,5,Pass
591,M,2.5,76,61,32.0,7.1,1,Fail
592,F,0.1,84,97,37.0,6.9,1,Pass
593,M,1.1,82,47,53.0,6.7,9,Pass
594,F,3.9,69,72,44.0,7.4,5,Pass
595,F,3.9,65,64,72.0,5.8,1,Pass
596,F,3.5,83,87,60.0,6.7,7,Pass
597,M,1.8,51,62,74.0,,9,Pass
598,M,2.9,84,43,95.0,8.8,1,Pass
599,F,,89,63,37.0,5.8,4,Pass
600,F,1.6,77,90,86.0,7.5,3,Pass
601,M,4.8,96,33,59.0,,5,Fail
602,F,4.1,88,88,47.0,5.1,7,Pass
603,F,2.7,55,58,98.0,7.4,8,Pass
604,F,3.0,58,35,68.0,7.9,2,Pass
605,M,3.3,69,78,89.0,7.6,7,Pass
606,M,0.5,50,69,72.0,6.9,1,Pass
607,M,2.7,57,94,74.0,7.3,7,Pass
608,F,2.2,72,98,52.0,7.2,8,Pass
609,F,1.8,52,56,98.0,5.3,2,Pass
610,F,2.7,53,35,35.0,,9,Fail
611,M,,74,42,85.0,6.6,1,Pass
612,F,3.8,96,93,,6.3,6,Fail
613,F,2.3,87,91,52.0,9.5,1,Pass
614,F,3.7,64,48,35.0,8.3,3,Fail
615,F,4.7,70,72,61.0,5.8,6,Pass
616,M,,84,49,47.0,,3,Fail
617,M,3.1,95,97,44.0,8.5,8,Pass
618,F,,63,73,69.0,5.5,5,Pass
619,M,3.8,85,52,,7.1,2,Fail
620,M,,61,31,92.0,7.1,4,Pass
621,F,4.1,66,51,96.0,5.7,9,Pass
622,F,3.8,88,86,40.0,7.4,4,Pass
623,M,4.3,58,36,72.0,8.1,8,Pass
624,F,2.4,84,85,46.0,8.5,5,Pass
625,M,4.6,62,96,33.0,6.8,1,Pass
626,F,3.2,64,45,92.0,9.5,7,Pass
627,M,5.5,67,80,97.0,4.9,3,Pass
628,F,2.2,82,41,70.0,7.4,8,Pass
629,M,5.1,55,82,,5.6,3,Fail
630,M,3.2,76,34,61.0,,1,Fail
631,M,2.2,72,56,99.0,6.5,5,Pass
632,F,2.4,76,41,64.0,7.5,2,Pass
633,M,2.6,83,46,51.0,,4,Fail
634,M,3.5,95,35,94.0,6.2,1,Pass
635,F,3.6,87,34,51.0,6.2,9,Fail
636,F,2.3,63,86,,8.9,6,Fail
637,M,3.0,85,57,32.0,7.4,8,Fail
638,M,5.6,57,98,38.0,5.3,4,Pass
639,F,5.1,84,88,89.0,7.6,9,Pass
640,F,3.5,68,62,43.0,6.8,2,Pass
641,F,3.0,79,91,47.0,7.0,9,Pass
642,F,3.1,63,79,52.0,7.8,5,Pass
643,F,3.7,69,48,76.0,8.2,6,Pass
644,M,,98,98,,6.1,3,Fail
645,F,2.7,74,95,76.0,7.0,4,Pass
646,M,1.0,89,76,59.0,6.5,6,Pass
647,M,3.5,73,68,,7.6,7,Fail
648,M,3.8,63,97,,6.8,1,Fail
649,F,2.4,75,62,54.0,7.0,7,Pass
650,M,4.9,87,42,87.0,6.7,1,Pass
651,M,1.5,72,83,70.0,6.9,5,Pass
652,F,1.2,71,36,,8.7,6,Fail
653,M,3.3,97,43,77.0,9.4,2,Pass
654,M,4.3,68,48,39.0,7.4,9,Fail
655,F,5.0,95,83,40.0,6.9,6,Pass
656,M,2.4,52,49,50.0,5.4,7,Fail
657,M,4.3,91,58,,6.2,8,Fail
658,M,3.0,68,53,,6.9,1,Fail
659,F,2.8,58,92,93.0,6.3,8,Pass
660,F,4.1,77,86,,6.4,4,Fail
661,F,3.8,69,37,31.0,8.6,8,Fail
662,M,1.1,94,91,71.0,7.0,6,Pass
663,M,4.8,56,58,83.0,7.1,9,Pass
664,F,4.7,63,46,45.0,6.3,4,Fail
665,M,2.2,58,95,,8.2,2,Fail
666,M,3.5,68,35,88.0,6.8,2,Pass
667,F,3.6,96,87,45.0,6.5,5,Pass
668,F,3.3,63,98,35.0,5.4,9,Pass
669,M,2.3,87,57,86.0,6.9,3,Pass
670,M,,85,91,76.0,6.4,8,Pass
671,M,3.0,89,70,,8.7,4,Fail
672,F,4.4,66,98,71.0,,6,Pass
673,F,,79,70,89.0,5.8,6,Pass
674,F,2.6,58,78,33.0,5.9,3,Pass
675,F,3.9,82,78,31.0,6.7,5,Pass
676,M,-0.4,74,32,88.0,6.2,3,Pass
677,F,4.4,63,39,56.0,7.2,1,Fail
678,F,0.9,60,64,56.0,6.7,7,Pass
679,F,2.6,84,31,36.0,7.3,4,Fail
680,F,1.7,90,53,92.0,8.0,7,Pass
681,F,,63,67,75.0,5.9,3,Pass
682,M,4.4,79,51,92.0,8.0,5,Pass
683,M,2.4,90,55,41.0,6.3,5,Fail
684,F,3.4,53,72,42.0,9.1,2,Pass
685,M,,53,84,72.0,8.6,2,Pass
686,F,3.6,77,68,46.0,6.9,4,Pass
687,F,3.1,57,58,92.0,6.0,4,Pass
688,M,1.5,51,49,65.0,5.8,4,Pass
689,M,4.2,90,70,37.0,7.9,6,Pass
690,F,2.4,95,83,98.0,7.0,2,Pass
691,F,1.1,71,49,65.0,7.9,6,Pass
692,F,2.5,90,48,57.0,9.2,7,Pass
693,M,4.8,65,95,76.0,6.2,3,Pass
694,F,4.0,78,59,59.0,5.8,8,Pass
695,F,2.6,98,82,52.0,7.2,2,Pass
696,F,2.6,97,63,45.0,8.1,8,Pass
697,M,2.6,79,51,43.0,6.1,5,Fail
698,F,5.5,61,96,81.0,,2,Pass
699,F,3.5,84,35,66.0,8.4,7,Pass
700,M,3.5,60,56,58.0,5.4,2,Pass
701,F,4.2,95,39,96.0,7.2,6,Pass
702,F,3.3,99,77,,6.5,3,Fail
703,M,2.7,70,99,76.0,7.1,9,Pass
704,F,2.8,70,88,75.0,7.7,3,Pass
705,M,,54,88,81.0,7.2,3,Pass
706,M,3.0,97,31,,6.0,5,Fail
707,F,3.9,69,58,50.0,6.5,7,Pass
708,F,3.1,86,97,93.0,8.4,8,Pass
709,F,3.9,52,94,,7.3,7,Fail
710,F,2.9,93,55,56.0,7.8,9,Pass
711,M,3.1,82,39,84.0,7.3,5,Pass
712,F,0.6,58,82,58.0,7.8,3,Pass
713,M,4.1,58,88,49.0,6.6,6,Pass
714,F,3.4,53,51,54.0,6.2,5,Pass
715,F,4.2,84,80,99.0,,4,Pass
716,F,-0.5,66,77,92.0,8.1,2,Pass
717,M,5.5,83,50,65.0,6.1,7,Pass
718,F,2.8,73,51,31.0,6.4,5,Fail
719,F,4.3,81,59,,6.8,4,Fail
720,F,1.8,50,54,,8.6,8,Fail
721,F,3.7,57,57,47.0,7.6,9,Pass
722,M,1.7,94,94,98.0,5.7,9,Pass
723,F,2.3,72,74,83.0,6.9,3,Pass
724,M,5.3,96,97,59.0,6.8,3,Pass
725,M,2.8,89,36,74.0,5.8,5,Pass
726,M,3.3,61,78,48.0,6.9,5,Pass
727,M,4.0,61,38,63.0,6.7,2,Pass
728,M,3.6,95,65,,6.6,1,Fail
729,M,3.2,96,30,72.0,6.6,8,Pass
730,F,3.4,64,39,91.0,8.5,3,Pass
731,M,5.9,90,65,51.0,,1,Pass
732,M,2.9,68,75,81.0,7.0,1,Pass
733,M,3.2,75,61,81.0,6.9,2,Pass
734,F,4.3,78,61,65.0,6.5,6,Pass
735,F,4.3,71,35,48.0,7.1,6,Fail
736,M,,89,77,,7.1,3,Fail
737,F,3.8,70,67,99.0,7.1,4,Pass
738,M,,87,46,86.0,6.1,2,Pass
739,M,5.0,69,56,49.0,6.8,2,Pass
740,F,1.6,78,83,38.0,7.8,7,Pass
741,M,3.4,53,79,61.0,6.8,1,Pass
742,F,2.1,56,64,33.0,7.2,7,Fail
743,F,2.9,77,54,79.0,7.2,1,Pass
744,M,3.4,77,57,34.0,7.4,6,Fail
745,M,3.4,53,44,,7.6,3,Fail
746,F,3.5,71,33,66.0,6.8,8,Fail
747,M,4.9,61,56,51.0,6.1,6,Pass
748,M,,94,55,,5.8,2,Fail
749,M,2.7,52,48,97.0,8.0,8,Pass
750,F,,71,46,73.0,7.8,5,Pass
751,F,4.4,93,72,63.0,7.6,8,Pass
752,M,1.5,51,70,71.0,7.8,8,Pass
753,F,,73,71,38.0,6.8,6,Pass
754,F,,83,79,36.0,6.4,2,Pass
755,F,,76,69,,6.0,8,Fail
756,F,4.7,90,68,,5.9,6,Fail
757,F,2.8,50,52,60.0,8.2,6,Pass
758,M,,57,81,64.0,6.5,8,Pass
759,M,2.8,72,76,86.0,8.1,1,Pass
760,M,3.0,87,92,90.0,6.8,2,Pass
761,F,1.7,55,98,60.0,6.3,9,Pass
762,F,1.3,71,72,82.0,5.9,8,Pass
763,M,4.9,74,77,61.0,6.4,7,Pass
764,F,2.0,67,63,95.0,8.4,7,Pass
765,M,,66,69,88.0,5.9,5,Pass
766,M,0.4,61,90,39.0,9.1,2,Pass
767,M,2.2,55,79,31.0,6.2,6,Pass
768,F,1.4,75,96,95.0,7.7,3,Pass
769,F,5.0,76,91,89.0,6.9,4,Pass
770,M,4.2,57,87,46.0,6.7,2,Pass
771,M,2.2,68,62,45.0,5.7,2,Pass
772,M,5.7,91,45,45.0,6.9,8,Fail
773,M,4.2,50,77,75.0,5.8,8,Pass
774,F,2.6,78,39,68.0,5.3,6,Pass
775,F,0.0,94,67,60.0,7.1,5,Pass
776,M,5.7,98,48,30.0,,8,Fail
777,M,1.3,84,65,40.0,8.7,4,Pass
778,F,1.0,89,88,33.0,8.0,4,Pass
779,F,4.2,63,92,,8.7,5,Fail
780,M,5.9,84,75,79.0,6.3,1,Pass
781,M,4.7,97,32,41.0,7.1,1,Fail
782,M,3.7,94,94,94.0,4.4,2,Pass
783,F,3.7,69,37,76.0,6.7,8,Pass
784,F,4.0,98,80,82.0,7.1,7,Pass
785,F,3.9,62,35,31.0,7.2,9,Fail
786,M,3.3,87,68,,7.0,5,Fail
787,M,3.1,98,89,33.0,7.1,2,Pass
788,F,2.9,95,57,,4.3,7,Fail
789,F,2.1,98,83,55.0,7.3,8,Pass
790,M,2.7,57,66,69.0,7.5,7,Pass
791,F,1.0,92,38,79.0,8.3,7,Pass
792,F,2.9,69,85,72.0,7.4,5,Pass
793,M,1.8,82,88,96.0,6.9,2,Pass
794,F,1.7,75,31,41.0,8.1,6,Fail
795,M,3.2,88,90,96.0,4.6,4,Pass
796,M,4.7,70,87,56.0,6.5,2,Pass
797,M,4.1,98,89,83.0,,9,Pass
798,M,,91,69,95.0,7.0,7,Pass
799,M,1.8,92,65,78.0,4.8,6,Pass
800,M,4.1,90,66,45.0,8.3,5,Pass
801,M,1.8,58,47,31.0,6.8,3,Fail
802,F,2.7,73,92,89.0,7.3,4,Pass
803,M,3.7,86,51,83.0,7.2,3,Pass
804,M,1.8,98,40,59.0,8.3,8,Fail
805,F,3.1,90,87,67.0,5.1,3,Pass
806,F,1.4,66,86,57.0,7.1,7,Pass
807,F,2.3,73,33,54.0,8.1,7,Fail
808,M,3.4,70,36,39.0,6.9,7,Fail
809,F,1.1,88,90,89.0,6.0,7,Pass
810,M,3.5,90,83,71.0,,2,Pass
811,M,3.0,88,97,69.0,,3,Pass
812,M,,62,30,71.0,6.3,9,Pass
813,M,3.3,60,84,76.0,6.8,3,Pass
814,F,4.6,95,32,66.0,8.5,2,Fail
815,F,3.2,68,67,51.0,6.4,9,Pass
816,M,2.5,60,30,86.0,6.5,9,Pass
817,M,3.1,62,67,56.0,7.5,4,Pass
818,M,,95,58,70.0,6.8,9,Pass
819,F,3.1,94,34,63.0,5.7,3,Fail
820,M,3.0,50,50,61.0,6.9,7,Pass
821,M,2.2,89,96,95.0,6.9,7,Pass
822,F,2.2,93,76,41.0,8.0,8,Pass
823,F,1.3,68,64,69.0,6.0,4,Pass
824,M,5.1,61,97,39.0,8.0,3,Pass
825,F,1.5,57,98,77.0,6.9,3,Pass
826,F,2.2,57,30,,5.9,5,Fail
827,M,2.1,94,97,68.0,5.7,1,Pass
828,F,4.1,61,41,89.0,8.9,3,Pass
829,M,2.6,97,89,95.0,6.8,6,Pass
830,F,4.5,82,56,94.0,7.9,3,Pass
831,M,2.2,94,85,80.0,5.3,5,Pass
832,M,3.3,75,52,65.0,,9,Pass
833,M,2.0,88,54,53.0,7.9,2,Pass
834,F,5.6,77,50,56.0,6.7,2,Pass
835,M,1.6,54,90,31.0,6.7,6,Pass
836,F,3.4,57,92,60.0,7.7,6,Pass
837,M,3.8,74,81,86.0,,8,Pass
838,M,3.5,76,54,95.0,7.2,2,Pass
839,F,2.8,95,84,58.0,7.0,9,Pass
840,M,,72,75,44.0,7.6,2,Pass
841,M,3.1,79,61,41.0,5.3,1,Pass
842,F,2.8,94,84,,,2,Fail
843,M,4.2,96,34,53.0,5.4,7,Fail
844,M,5.7,72,65,50.0,7.6,8,Pass
845,M,2.3,98,78,39.0,6.3,5,Pass
846,M,1.4,96,87,47.0,5.4,6,Pass
847,F,,69,68,43.0,6.2,1,Pass
848,F,6.1,67,90,63.0,7.1,6,Pass
849,M,2.0,67,38,87.0,6.8,8,Pass
850,F,,51,35,51.0,,3,Fail
851,M,5.0,53,64,99.0,5.3,1,Pass
852,F,2.3,79,68,65.0,7.1,4,Pass
853,M,,82,51,74.0,6.4,1,Pass
854,M,5.0,85,70,65.0,6.7,8,Pass
855,M,2.5,67,34,51.0,6.8,5,Fail
856,M,2.8,86,71,90.0,7.4,1,Pass
857,M,2.3,68,96,85.0,7.8,8,Pass
858,M,1.8,96,59,62.0,7.1,9,Pass
859,F,2.2,77,86,74.0,6.7,2,Pass
860,M,1.5,89,58,65.0,7.0,9,Pass
861,F,3.0,69,66,49.0,6.7,8,Pass
862,M,2.1,98,42,47.0,5.4,7,Fail
863,F,3.3,82,61,67.0,8.1,3,Pass
864,F,1.1,61,75,96.0,7.9,2,Pass
865,F,3.4,64,52,,9.0,7,Fail
866,M,4.0,90,74,45.0,9.3,5,Pass
867,M,0.6,88,46,88.0,5.8,6,Pass
868,F,3.4,51,95,98.0,,4,Pass
869,M,,78,35,97.0,9.5,2,Pass
870,F,1.5,90,47,50.0,7.0,9,Fail
871,M,,59,51,99.0,7.2,3,Pass
872,F,3.5,51,62,41.0,5.5,7,Pass
873,F,2.2,60,59,45.0,7.2,8,Pass
874,M,2.9,62,61,43.0,8.9,2,Pass
875,F,3.7,59,71,90.0,8.3,6,Pass
876,M,3.1,63,39,,6.4,8,Fail
877,F,3.6,67,65,61.0,6.6,7,Pass
878,F,1.9,58,63,,5.9,3,Fail
879,M,3.2,88,57,73.0,,1,Pass
880,M,1.3,77,40,46.0,5.1,6,Fail
881,M,2.9,52,68,70.0,6.9,8,Pass
882,F,,69,76,83.0,8.5,6,Pass
883,M,2.1,55,48,73.0,7.4,5,Pass
884,F,4.5,76,44,34.0,8.4,8,Fail
885,F,4.3,51,57,56.0,8.1,2,Pass
886,M,3.7,78,53,72.0,6.5,1,Pass
887,M,1.7,87,38,60.0,6.2,1,Fail
888,F,2.6,52,76,46.0,6.3,4,Pass
889,F,4.5,65,62,83.0,5.3,6,Pass
890,M,3.2,79,91,91.0,7.0,9,Pass
891,M,5.8,89,48,61.0,4.1,1,Pass
892,M,3.5,51,96,69.0,7.6,1,Pass
893,M,3.2,66,69,42.0,7.1,5,Pass
894,M,2.6,90,76,64.0,7.5,5,Pass
895,F,3.2,61,94,34.0,8.1,5,Pass
896,F,2.8,84,58,58.0,7.2,6,Pass
897,F,3.8,92,79,99.0,8.6,8,Pass
898,F,4.1,50,42,54.0,7.6,3,Fail
899,M,2.1,94,30,51.0,6.2,9,Fail
900,M,1.4,64,63,95.0,6.8,1,Pass
901,M,0.8,75,77,74.0,4.7,4,Pass
902,F,3.6,86,77,98.0,6.1,9,Pass
903,F,1.7,70,78,30.0,6.6,8,Pass
904,M,,98,93,73.0,,9,Pass
905,M,3.5,80,90,68.0,,1,Pass
906,F,6.0,74,58,83.0,5.8,9,Pass
907,F,3.0,72,68,58.0,5.1,3,Pass
908,M,4.0,73,55,83.0,6.4,9,Pass
909,M,3.1,87,46,45.0,9.0,1,Fail
910,F,2.9,77,42,49.0,7.3,1,Fail
911,M,4.1,70,98,75.0,7.9,9,Pass
912,M,,92,55,,6.1,6,Fail
913,M,,67,78,94.0,5.4,4,Pass
914,F,3.4,85,96,87.0,5.8,7,Pass
915,F,2.2,84,36,82.0,,5,Pass
916,F,4.2,94,87,30.0,5.0,7,Pass
917,F,2.8,58,78,95.0,6.0,8,Pass
918,F,2.1,87,82,58.0,6.4,8,Pass
919,F,3.6,79,94,99.0,5.7,1,Pass
920,F,1.9,93,91,37.0,,8,Pass
921,M,3.0,83,46,58.0,7.3,6,Pass
922,M,3.0,81,72,80.0,7.0,4,Pass
923,M,4.3,52,54,62.0,7.8,8,Pass
924,M,3.6,52,32,32.0,5.9,3,Fail
925,M,3.0,77,58,89.0,7.8,4,Pass
926,M,4.0,93,61,64.0,8.5,6,Pass
927,M,4.7,64,55,98.0,7.3,7,Pass
928,F,3.7,90,45,49.0,6.4,4,Fail
929,F,3.0,72,54,68.0,,4,Pass
930,M,1.4,89,83,33.0,6.3,7,Pass
931,M,1.7,60,57,48.0,,6,Pass
932,F,2.6,97,85,74.0,,8,Pass
933,M,2.3,81,94,72.0,6.9,1,Pass
934,M,2.8,85,70,42.0,,7,Pass
935,F,3.1,82,80,42.0,6.6,7,Pass
936,M,,73,58,89.0,6.7,7,Pass
937,F,2.9,88,48,86.0,6.4,7,Pass
938,M,3.6,83,95,81.0,5.9,8,Pass
939,F,3.1,77,70,82.0,7.8,9,Pass
940,F,0.6,86,74,72.0,9.2,9,Pass
941,F,1.9,56,44,71.0,6.6,2,Pass
942,M,2.8,53,32,55.0,6.3,7,Fail
943,F,1.5,86,40,52.0,6.3,7,Fail
944,M,,50,82,72.0,6.3,4,Pass
945,M,4.8,50,75,57.0,8.6,9,Pass
946,M,4.5,96,59,38.0,6.3,8,Fail
947,M,2.7,69,86,,6.4,1,Fail
948,F,4.8,68,47,85.0,5.8,2,Pass
949,F,3.2,78,80,68.0,,2,Pass
950,M,2.6,59,77,80.0,6.9,8,Pass
951,M,2.3,67,95,41.0,5.9,1,Pass
952,F,2.6,77,37,84.0,6.1,4,Pass
953,M,2.5,84,51,40.0,8.5,5,Fail
954,F,,92,35,55.0,7.0,9,Fail
955,M,3.2,96,86,71.0,7.1,7,Pass
956,M,3.0,80,65,56.0,,8,Pass
957,F,3.5,76,86,40.0,8.4,9,Pass
958,M,4.4,60,78,67.0,6.0,7,Pass
959,F,4.1,98,74,72.0,6.6,5,Pass
960,M,1.2,98,95,48.0,6.8,5,Pass
961,M,-0.1,87,74,93.0,5.3,6,Pass
962,M,,54,49,35.0,6.1,5,Fail
963,F,1.4,57,93,75.0,8.0,9,Pass
964,M,2.7,83,96,71.0,7.8,3,Pass
965,M,1.6,97,32,94.0,,3,Pass
966,M,0.8,61,83,88.0,6.4,7,Pass
967,M,3.6,87,93,81.0,6.5,7,Pass
968,F,3.9,50,69,76.0,5.2,6,Pass
969,F,2.3,80,88,,,3,Fail
970,M,-0.1,53,84,40.0,8.1,7,Pass
971,F,2.3,98,91,90.0,8.1,5,Pass
972,M,3.5,94,33,97.0,,7,Pass
973,M,1.2,99,89,54.0,7.4,2,Pass
974,M,3.2,54,59,,8.6,6,Fail
975,F,3.0,79,31,55.0,6.8,8,Fail
976,F,3.7,73,91,,5.2,1,Fail
977,F,,52,78,72.0,7.9,4,Pass
978,F,1.8,60,38,,5.2,1,Fail
979,F,4.4,94,60,66.0,7.2,1,Pass
980,F,2.8,53,90,75.0,8.0,8,Pass
981,F,3.0,75,77,82.0,7.3,7,Pass
982,F,,76,54,42.0,9.3,1,Fail
983,F,2.5,95,65,83.0,5.0,2,Pass
984,M,1.9,92,37,86.0,6.9,4,Pass
985,F,2.8,76,87,33.0,7.0,1,Pass
986,F,5.1,91,74,78.0,5.7,3,Pass
987,F,1.4,99,91,36.0,5.8,8,Pass
988,F,1.1,55,68,40.0,6.2,8,Pass
989,F,4.8,64,87,83.0,5.9,8,Pass
990,F,2.7,79,93,74.0,6.9,6,Pass
991,F,2.2,91,73,52.0,6.4,6,Pass
992,F,4.2,86,58,57.0,7.3,5,Pass
993,F,2.3,86,88,,7.6,9,Fail
994,F,,91,38,,7.6,4,Fail
995,F,3.8,86,35,,6.6,7,Fail
996,M,2.4,84,58,83.0,,1,Pass
997,M,,72,87,58.0,8.0,9,Pass
998,F,2.3,55,46,65.0,7.4,7,Pass
999,F,3.9,53,45,43.0,8.9,9,Fail
1000,M,3.4,67,32,64.0,,7,Fail
